{
  "name": "signalr",
  "version": "2.2.2",
  "homepage": "http://www.asp.net/signalr",
  "authors": [
    "Microsoft"
  ],
  "description": "Microsoft ASP.NET SignalR JavaScript Client",
  "main": "./jquery.signalR.js",
  "keywords": [
    "signalr",
    "microsoft",
    "asp.net",
    "javascript",
    "jquery",
    "realtime"
  ],
  "license": "http://www.microsoft.com/web/webpi/eula/signalr_client_enu.htm",
  "dependencies": {
    "jquery": ">=1.6.4"
  },
  "_release": "2.2.2",
  "_resolution": {
    "type": "version",
    "tag": "v2.2.2",
    "commit": "0b78d46dab5126e17dc6d88805fc0e480b7c66a0"
  },
  "_source": "https://github.com/SignalR/bower-signalr.git",
  "_target": "^2.2.2",
  "_originalSource": "signalr"
}